Circuit,#Qubits,#Gates,#2Q Gates,#Depth,#QPUs,QPUs,Metrics,recursive_dp_direct_direct_direct,recursive_dp_global_max_match_direct_direct
QFT,30,600,480,65,3,"[10, 10, 10]",num_comms,106.0,103.0
QFT,30,600,480,65,3,"[10, 10, 10]",remote_hops,0.0,0.0
QFT,30,600,480,65,3,"[10, 10, 10]",remote_swaps,106.0,103.0
QFT,30,600,480,65,3,"[10, 10, 10]",fidelity_loss,2.120000000000002,2.060000000000002
QFT,30,600,480,65,3,"[10, 10, 10]",fidelity,0.11748002314293422,0.1248204650516942
Circuit,#Qubits,#Gates,#2Q Gates,#Depth,#QPUs,QPUs,Basis Gates,2Q Gate Names,Metrics,recursive_dp_direct_direct_direct
QV,30,10351,1350,421,3,"[10, 10, 10]","['rz', 'x', 'cz', 'measure', 'rx', 'reset', 'rzz', 'sx', 'id']","{'cz', 'rzz'}",remote_hops,0.0
QV,30,10351,1350,421,3,"[10, 10, 10]","['rz', 'x', 'cz', 'measure', 'rx', 'reset', 'rzz', 'sx', 'id']","{'cz', 'rzz'}",remote_swaps,247.0
QV,30,10351,1350,421,3,"[10, 10, 10]","['rz', 'x', 'cz', 'measure', 'rx', 'reset', 'rzz', 'sx', 'id']","{'cz', 'rzz'}",remote_fidelity_loss,4.940000000000005
QV,30,10351,1350,421,3,"[10, 10, 10]","['rz', 'x', 'cz', 'measure', 'rx', 'reset', 'rzz', 'sx', 'id']","{'cz', 'rzz'}",remote_fidelity,0.0068051969085955516
QV,30,10351,1350,421,3,"[10, 10, 10]","['rz', 'x', 'cz', 'measure', 'rx', 'reset', 'rzz', 'sx', 'id']","{'cz', 'rzz'}",local_fidelity_loss,0.0
QV,30,10351,1350,421,3,"[10, 10, 10]","['rz', 'x', 'cz', 'measure', 'rx', 'reset', 'rzz', 'sx', 'id']","{'cz', 'rzz'}",local_fidelity,1.0
QV,30,10351,1350,421,3,"[10, 10, 10]","['rz', 'x', 'cz', 'measure', 'rx', 'reset', 'rzz', 'sx', 'id']","{'cz', 'rzz'}",execution_time,0.0
QV,30,10351,1350,421,3,"[10, 10, 10]","['rz', 'x', 'cz', 'measure', 'rx', 'reset', 'rzz', 'sx', 'id']","{'cz', 'rzz'}",num_comms,247.0
QV,30,10351,1350,421,3,"[10, 10, 10]","['rz', 'x', 'cz', 'measure', 'rx', 'reset', 'rzz', 'sx', 'id']","{'cz', 'rzz'}",total_fidelity_loss,4.940000000000005
QV,30,10351,1350,421,3,"[10, 10, 10]","['rz', 'x', 'cz', 'measure', 'rx', 'reset', 'rzz', 'sx', 'id']","{'cz', 'rzz'}",total_fidelity,0.0068051969085955516
Circuit,#Qubits,#Gates,#2Q Gates,#Depth,#QPUs,QPUs,Basis Gates,2Q Gate Names,Metrics,recursive_dp_direct_direct_direct,recursive_dp_max_match_direct_direct,recursive_dp_global_max_match_direct_direct,recursive_dp_direct_direct_greedy,recursive_dp_max_match_direct_greedy,recursive_dp_global_max_match_direct_greedy,recursive_dp_direct_direct_dp,recursive_dp_max_match_direct_dp,recursive_dp_global_max_match_direct_dp
QV,30,10351,1350,421,3,"[10, 10, 10]","['reset', 'measure', 'rx', 'sx', 'id', 'rz', 'rzz', 'x', 'cz']","{'rzz', 'cz'}",remote_hops,0.0,0.0,0.0,0.0,0.0,0.0,0.0,0.0,0.0
QV,30,10351,1350,421,3,"[10, 10, 10]","['reset', 'measure', 'rx', 'sx', 'id', 'rz', 'rzz', 'x', 'cz']","{'rzz', 'cz'}",remote_swaps,247.0,329.0,242.0,247.0,329.0,242.0,247.0,329.0,242.0
QV,30,10351,1350,421,3,"[10, 10, 10]","['reset', 'measure', 'rx', 'sx', 'id', 'rz', 'rzz', 'x', 'cz']","{'rzz', 'cz'}",remote_fidelity_loss,4.940000000000005,6.580000000000005,4.840000000000003,4.940000000000005,6.580000000000005,4.840000000000003,4.940000000000005,6.580000000000005,4.840000000000003
QV,30,10351,1350,421,3,"[10, 10, 10]","['reset', 'measure', 'rx', 'sx', 'id', 'rz', 'rzz', 'x', 'cz']","{'rzz', 'cz'}",remote_fidelity,0.0068051969085955516,0.0012983114966715773,0.007528532292527021,0.0068051969085955516,0.0012983114966715773,0.007528532292527021,0.0068051969085955516,0.0012983114966715773,0.007528532292527021
QV,30,10351,1350,421,3,"[10, 10, 10]","['reset', 'measure', 'rx', 'sx', 'id', 'rz', 'rzz', 'x', 'cz']","{'rzz', 'cz'}",local_fidelity_loss,0.0,0.0,0.0,0.0,0.0,0.0,0.0,0.0,0.0
QV,30,10351,1350,421,3,"[10, 10, 10]","['reset', 'measure', 'rx', 'sx', 'id', 'rz', 'rzz', 'x', 'cz']","{'rzz', 'cz'}",local_fidelity,1.0,1.0,1.0,1.0,1.0,1.0,1.0,1.0,1.0
QV,30,10351,1350,421,3,"[10, 10, 10]","['reset', 'measure', 'rx', 'sx', 'id', 'rz', 'rzz', 'x', 'cz']","{'rzz', 'cz'}",execution_time,0.0,0.0,0.0,0.0,0.0,0.0,0.0,0.0,0.0
QV,30,10351,1350,421,3,"[10, 10, 10]","['reset', 'measure', 'rx', 'sx', 'id', 'rz', 'rzz', 'x', 'cz']","{'rzz', 'cz'}",num_comms,247.0,329.0,242.0,247.0,329.0,242.0,247.0,329.0,242.0
QV,30,10351,1350,421,3,"[10, 10, 10]","['reset', 'measure', 'rx', 'sx', 'id', 'rz', 'rzz', 'x', 'cz']","{'rzz', 'cz'}",total_fidelity_loss,4.940000000000005,6.580000000000005,4.840000000000003,4.940000000000005,6.580000000000005,4.840000000000003,4.940000000000005,6.580000000000005,4.840000000000003
QV,30,10351,1350,421,3,"[10, 10, 10]","['reset', 'measure', 'rx', 'sx', 'id', 'rz', 'rzz', 'x', 'cz']","{'rzz', 'cz'}",total_fidelity,0.0068051969085955516,0.0012983114966715773,0.007528532292527021,0.0068051969085955516,0.0012983114966715773,0.007528532292527021,0.0068051969085955516,0.0012983114966715773,0.007528532292527021
Circuit,#Qubits,#Gates,#2Q Gates,#Depth,#QPUs,QPUs,Basis Gates,2Q Gate Names,Metrics,recursive_dp_direct_direct_direct,recursive_dp_max_match_direct_direct,recursive_dp_global_max_match_direct_direct,recursive_dp_direct_direct_greedy,recursive_dp_max_match_direct_greedy,recursive_dp_global_max_match_direct_greedy,recursive_dp_direct_direct_dp,recursive_dp_max_match_direct_dp,recursive_dp_global_max_match_direct_dp
QV,60,41401,5400,841,3,"[20, 20, 20]","['rx', 'rz', 'cz', 'id', 'x', 'measure', 'rzz', 'sx', 'reset']","{'cz', 'rzz'}",remote_hops,0.0,0.0,0.0,0.0,0.0,0.0,0.0,0.0,0.0
QV,60,41401,5400,841,3,"[20, 20, 20]","['rx', 'rz', 'cz', 'id', 'x', 'measure', 'rzz', 'sx', 'reset']","{'cz', 'rzz'}",remote_swaps,908.0,1865.0,899.0,908.0,1865.0,899.0,908.0,1865.0,899.0
QV,60,41401,5400,841,3,"[20, 20, 20]","['rx', 'rz', 'cz', 'id', 'x', 'measure', 'rzz', 'sx', 'reset']","{'cz', 'rzz'}",remote_fidelity_loss,18.160000000000018,37.300000000000026,17.980000000000018,18.160000000000018,37.300000000000026,17.980000000000018,18.160000000000018,37.300000000000026,17.980000000000018
QV,60,41401,5400,841,3,"[20, 20, 20]","['rx', 'rz', 'cz', 'id', 'x', 'measure', 'rzz', 'sx', 'reset']","{'cz', 'rzz'}",remote_fidelity,1.079634437071841e-08,4.331428666746471e-17,1.2949173432423662e-08,1.079634437071841e-08,4.331428666746471e-17,1.2949173432423662e-08,1.079634437071841e-08,4.331428666746471e-17,1.2949173432423662e-08
QV,60,41401,5400,841,3,"[20, 20, 20]","['rx', 'rz', 'cz', 'id', 'x', 'measure', 'rzz', 'sx', 'reset']","{'cz', 'rzz'}",local_fidelity_loss,0.0,0.0,0.0,0.0,0.0,0.0,0.0,0.0,0.0
QV,60,41401,5400,841,3,"[20, 20, 20]","['rx', 'rz', 'cz', 'id', 'x', 'measure', 'rzz', 'sx', 'reset']","{'cz', 'rzz'}",local_fidelity,1.0,1.0,1.0,1.0,1.0,1.0,1.0,1.0,1.0
QV,60,41401,5400,841,3,"[20, 20, 20]","['rx', 'rz', 'cz', 'id', 'x', 'measure', 'rzz', 'sx', 'reset']","{'cz', 'rzz'}",execution_time,0.0,0.0,0.0,0.0,0.0,0.0,0.0,0.0,0.0
QV,60,41401,5400,841,3,"[20, 20, 20]","['rx', 'rz', 'cz', 'id', 'x', 'measure', 'rzz', 'sx', 'reset']","{'cz', 'rzz'}",num_comms,908.0,1865.0,899.0,908.0,1865.0,899.0,908.0,1865.0,899.0
QV,60,41401,5400,841,3,"[20, 20, 20]","['rx', 'rz', 'cz', 'id', 'x', 'measure', 'rzz', 'sx', 'reset']","{'cz', 'rzz'}",total_fidelity_loss,18.160000000000018,37.300000000000026,17.980000000000018,18.160000000000018,37.300000000000026,17.980000000000018,18.160000000000018,37.300000000000026,17.980000000000018
QV,60,41401,5400,841,3,"[20, 20, 20]","['rx', 'rz', 'cz', 'id', 'x', 'measure', 'rzz', 'sx', 'reset']","{'cz', 'rzz'}",total_fidelity,1.079634437071841e-08,4.331428666746471e-17,1.2949173432423662e-08,1.079634437071841e-08,4.331428666746471e-17,1.2949173432423662e-08,1.079634437071841e-08,4.331428666746471e-17,1.2949173432423662e-08
Circuit,#Qubits,#Gates,#2Q Gates,#Depth,#QPUs,QPUs,Basis Gates,2Q Gate Names,Metrics,recursive_dp_global_max_match_direct_direct,recursive_dp_global_max_match_direct_greedy,recursive_dp_global_max_match_direct_dp,recursive_dp_global_max_match_direct_linkdp
QV,30,10351,1350,421,3,"[10, 10, 10]","['sx', 'rz', 'cz', 'reset', 'x', 'id', 'rzz', 'rx']","{'cz', 'rzz'}",remote_hops,0.0,0.0,0.0,0.0
QV,30,10351,1350,421,3,"[10, 10, 10]","['sx', 'rz', 'cz', 'reset', 'x', 'id', 'rzz', 'rx']","{'cz', 'rzz'}",remote_swaps,242.0,242.0,242.0,242.0
QV,30,10351,1350,421,3,"[10, 10, 10]","['sx', 'rz', 'cz', 'reset', 'x', 'id', 'rzz', 'rx']","{'cz', 'rzz'}",remote_fidelity_loss,4.840000000000003,4.840000000000003,4.840000000000003,4.840000000000003
QV,30,10351,1350,421,3,"[10, 10, 10]","['sx', 'rz', 'cz', 'reset', 'x', 'id', 'rzz', 'rx']","{'cz', 'rzz'}",remote_fidelity,0.007528532292527021,0.007528532292527021,0.007528532292527021,0.007528532292527021
QV,30,10351,1350,421,3,"[10, 10, 10]","['sx', 'rz', 'cz', 'reset', 'x', 'id', 'rzz', 'rx']","{'cz', 'rzz'}",local_fidelity_loss,0.0,0.0,0.0,0.0
QV,30,10351,1350,421,3,"[10, 10, 10]","['sx', 'rz', 'cz', 'reset', 'x', 'id', 'rzz', 'rx']","{'cz', 'rzz'}",local_fidelity,1.0,1.0,1.0,1.0
QV,30,10351,1350,421,3,"[10, 10, 10]","['sx', 'rz', 'cz', 'reset', 'x', 'id', 'rzz', 'rx']","{'cz', 'rzz'}",execution_time,0.0,0.0,0.0,0.0
QV,30,10351,1350,421,3,"[10, 10, 10]","['sx', 'rz', 'cz', 'reset', 'x', 'id', 'rzz', 'rx']","{'cz', 'rzz'}",num_comms,242.0,242.0,242.0,242.0
QV,30,10351,1350,421,3,"[10, 10, 10]","['sx', 'rz', 'cz', 'reset', 'x', 'id', 'rzz', 'rx']","{'cz', 'rzz'}",total_fidelity_loss,4.840000000000003,4.840000000000003,4.840000000000003,4.840000000000003
QV,30,10351,1350,421,3,"[10, 10, 10]","['sx', 'rz', 'cz', 'reset', 'x', 'id', 'rzz', 'rx']","{'cz', 'rzz'}",total_fidelity,0.007528532292527021,0.007528532292527021,0.007528532292527021,0.007528532292527021
Circuit,#Qubits,#Gates,#2Q Gates,#Depth,#QPUs,QPUs,Basis Gates,2Q Gate Names,Metrics,recursive_dp_global_max_match_direct_direct,recursive_dp_global_max_match_direct_greedy,recursive_dp_global_max_match_direct_dp,recursive_dp_global_max_match_direct_linkdp
QV,30,10351,1350,421,3,"[10, 10, 10]","['sx', 'rzz', 'cz', 'reset', 'id', 'rx', 'rz', 'x']","{'rzz', 'cz'}",remote_hops,0.0,0.0,0.0,0.0
QV,30,10351,1350,421,3,"[10, 10, 10]","['sx', 'rzz', 'cz', 'reset', 'id', 'rx', 'rz', 'x']","{'rzz', 'cz'}",remote_swaps,242.0,242.0,242.0,242.0
QV,30,10351,1350,421,3,"[10, 10, 10]","['sx', 'rzz', 'cz', 'reset', 'id', 'rx', 'rz', 'x']","{'rzz', 'cz'}",remote_fidelity_loss,9.364375569611802,9.364375569611802,9.364375569611802,9.364375569611802
QV,30,10351,1350,421,3,"[10, 10, 10]","['sx', 'rzz', 'cz', 'reset', 'id', 'rx', 'rz', 'x']","{'rzz', 'cz'}",remote_fidelity,7.040083734805692e-05,7.040083734805692e-05,7.040083734805692e-05,7.040083734805692e-05
QV,30,10351,1350,421,3,"[10, 10, 10]","['sx', 'rzz', 'cz', 'reset', 'id', 'rx', 'rz', 'x']","{'rzz', 'cz'}",local_fidelity_loss,0.0,0.0,0.0,0.0
QV,30,10351,1350,421,3,"[10, 10, 10]","['sx', 'rzz', 'cz', 'reset', 'id', 'rx', 'rz', 'x']","{'rzz', 'cz'}",local_fidelity,1.0,1.0,1.0,1.0
QV,30,10351,1350,421,3,"[10, 10, 10]","['sx', 'rzz', 'cz', 'reset', 'id', 'rx', 'rz', 'x']","{'rzz', 'cz'}",execution_time,0.0,0.0,0.0,0.0
QV,30,10351,1350,421,3,"[10, 10, 10]","['sx', 'rzz', 'cz', 'reset', 'id', 'rx', 'rz', 'x']","{'rzz', 'cz'}",num_comms,242.0,242.0,242.0,242.0
QV,30,10351,1350,421,3,"[10, 10, 10]","['sx', 'rzz', 'cz', 'reset', 'id', 'rx', 'rz', 'x']","{'rzz', 'cz'}",total_fidelity_loss,9.364375569611802,9.364375569611802,9.364375569611802,9.364375569611802
QV,30,10351,1350,421,3,"[10, 10, 10]","['sx', 'rzz', 'cz', 'reset', 'id', 'rx', 'rz', 'x']","{'rzz', 'cz'}",total_fidelity,7.040083734805692e-05,7.040083734805692e-05,7.040083734805692e-05,7.040083734805692e-05
Circuit,#Qubits,#Gates,#2Q Gates,#Depth,#QPUs,QPUs,Basis Gates,2Q Gate Names,Metrics,recursive_dp_global_max_match_direct_direct,recursive_dp_global_max_match_direct_greedy,recursive_dp_global_max_match_direct_dp,recursive_dp_global_max_match_direct_linkdp
QV,40,18401,2400,561,4,"[10, 10, 10, 10]","['rx', 'cz', 'x', 'rz', 'id', 'reset', 'sx', 'rzz']","{'cz', 'rzz'}",remote_hops,0.0,0.0,0.0,0.0
QV,40,18401,2400,561,4,"[10, 10, 10, 10]","['rx', 'cz', 'x', 'rz', 'id', 'reset', 'sx', 'rzz']","{'cz', 'rzz'}",remote_swaps,499.0,499.0,499.0,499.0
QV,40,18401,2400,561,4,"[10, 10, 10, 10]","['rx', 'cz', 'x', 'rz', 'id', 'reset', 'sx', 'rzz']","{'cz', 'rzz'}",remote_fidelity_loss,17.74504378365796,17.74504378365796,17.74504378365796,17.74504378365796
QV,40,18401,2400,561,4,"[10, 10, 10, 10]","['rx', 'cz', 'x', 'rz', 'id', 'reset', 'sx', 'rzz']","{'cz', 'rzz'}",remote_fidelity,1.4126251629082768e-08,1.4126251629082768e-08,1.4126251629082768e-08,1.4126251629082768e-08
QV,40,18401,2400,561,4,"[10, 10, 10, 10]","['rx', 'cz', 'x', 'rz', 'id', 'reset', 'sx', 'rzz']","{'cz', 'rzz'}",local_fidelity_loss,0.0,0.0,0.0,0.0
QV,40,18401,2400,561,4,"[10, 10, 10, 10]","['rx', 'cz', 'x', 'rz', 'id', 'reset', 'sx', 'rzz']","{'cz', 'rzz'}",local_fidelity,1.0,1.0,1.0,1.0
QV,40,18401,2400,561,4,"[10, 10, 10, 10]","['rx', 'cz', 'x', 'rz', 'id', 'reset', 'sx', 'rzz']","{'cz', 'rzz'}",execution_time,0.0,0.0,0.0,0.0
QV,40,18401,2400,561,4,"[10, 10, 10, 10]","['rx', 'cz', 'x', 'rz', 'id', 'reset', 'sx', 'rzz']","{'cz', 'rzz'}",num_comms,499.0,499.0,499.0,499.0
QV,40,18401,2400,561,4,"[10, 10, 10, 10]","['rx', 'cz', 'x', 'rz', 'id', 'reset', 'sx', 'rzz']","{'cz', 'rzz'}",total_fidelity_loss,17.74504378365796,17.74504378365796,17.74504378365796,17.74504378365796
QV,40,18401,2400,561,4,"[10, 10, 10, 10]","['rx', 'cz', 'x', 'rz', 'id', 'reset', 'sx', 'rzz']","{'cz', 'rzz'}",total_fidelity,1.4126251629082768e-08,1.4126251629082768e-08,1.4126251629082768e-08,1.4126251629082768e-08
Circuit,#Qubits,#Gates,#2Q Gates,#Depth,#QPUs,QPUs,Basis Gates,2Q Gate Names,Metrics,recursive_dp_global_max_match_direct_direct,recursive_dp_global_max_match_direct_greedy,recursive_dp_global_max_match_direct_dp,recursive_dp_global_max_match_direct_linkdp
QV,20,4600,600,280,4,"[5, 5, 5, 5]","['rx', 'reset', 'cz', 'rzz', 'id', 'x', 'sx', 'rz']","{'rzz', 'cz'}",remote_hops,0.0,0.0,0.0,0.0
QV,20,4600,600,280,4,"[5, 5, 5, 5]","['rx', 'reset', 'cz', 'rzz', 'id', 'x', 'sx', 'rz']","{'rzz', 'cz'}",remote_swaps,743.0,743.0,743.0,743.0
QV,20,4600,600,280,4,"[5, 5, 5, 5]","['rx', 'reset', 'cz', 'rzz', 'id', 'x', 'sx', 'rz']","{'rzz', 'cz'}",remote_fidelity_loss,24.252096643096177,24.252096643096177,24.252096643096177,24.252096643096177
QV,20,4600,600,280,4,"[5, 5, 5, 5]","['rx', 'reset', 'cz', 'rzz', 'id', 'x', 'sx', 'rz']","{'rzz', 'cz'}",remote_fidelity,1.9415198710401593e-11,1.9415198710401593e-11,1.9415198710401593e-11,1.9415198710401593e-11
QV,20,4600,600,280,4,"[5, 5, 5, 5]","['rx', 'reset', 'cz', 'rzz', 'id', 'x', 'sx', 'rz']","{'rzz', 'cz'}",local_fidelity_loss,0.0,0.0,0.0,0.0
QV,20,4600,600,280,4,"[5, 5, 5, 5]","['rx', 'reset', 'cz', 'rzz', 'id', 'x', 'sx', 'rz']","{'rzz', 'cz'}",local_fidelity,1.0,1.0,1.0,1.0
QV,20,4600,600,280,4,"[5, 5, 5, 5]","['rx', 'reset', 'cz', 'rzz', 'id', 'x', 'sx', 'rz']","{'rzz', 'cz'}",execution_time,0.0,0.0,0.0,0.0
QV,20,4600,600,280,4,"[5, 5, 5, 5]","['rx', 'reset', 'cz', 'rzz', 'id', 'x', 'sx', 'rz']","{'rzz', 'cz'}",num_comms,743.0,743.0,743.0,743.0
QV,20,4600,600,280,4,"[5, 5, 5, 5]","['rx', 'reset', 'cz', 'rzz', 'id', 'x', 'sx', 'rz']","{'rzz', 'cz'}",total_fidelity_loss,24.252096643096177,24.252096643096177,24.252096643096177,24.252096643096177
QV,20,4600,600,280,4,"[5, 5, 5, 5]","['rx', 'reset', 'cz', 'rzz', 'id', 'x', 'sx', 'rz']","{'rzz', 'cz'}",total_fidelity,1.9415198710401593e-11,1.9415198710401593e-11,1.9415198710401593e-11,1.9415198710401593e-11
Circuit,#Qubits,#Gates,#2Q Gates,#Depth,#QPUs,QPUs,Basis Gates,2Q Gate Names,Metrics,recursive_dp_global_max_match_direct_direct,recursive_dp_global_max_match_direct_greedy,recursive_dp_global_max_match_direct_dp,recursive_dp_global_max_match_direct_linkdp
QV,20,4600,600,280,4,"[5, 5, 5, 5]","['cz', 'rx', 'reset', 'id', 'x', 'rz', 'sx', 'rzz']","{'rzz', 'cz'}",remote_hops,0.0,0.0,0.0,0.0
QV,20,4600,600,280,4,"[5, 5, 5, 5]","['cz', 'rx', 'reset', 'id', 'x', 'rz', 'sx', 'rzz']","{'rzz', 'cz'}",remote_swaps,743.0,743.0,743.0,743.0
QV,20,4600,600,280,4,"[5, 5, 5, 5]","['cz', 'rx', 'reset', 'id', 'x', 'rz', 'sx', 'rzz']","{'rzz', 'cz'}",remote_fidelity_loss,26.541016950814218,26.541016950814218,26.541016950814218,26.541016950814218
QV,20,4600,600,280,4,"[5, 5, 5, 5]","['cz', 'rx', 'reset', 'id', 'x', 'rz', 'sx', 'rzz']","{'rzz', 'cz'}",remote_fidelity,1.8046219684311166e-12,1.8046219684311166e-12,1.8046219684311166e-12,1.8046219684311166e-12
QV,20,4600,600,280,4,"[5, 5, 5, 5]","['cz', 'rx', 'reset', 'id', 'x', 'rz', 'sx', 'rzz']","{'rzz', 'cz'}",local_fidelity_loss,0.0,0.0,0.0,0.0
QV,20,4600,600,280,4,"[5, 5, 5, 5]","['cz', 'rx', 'reset', 'id', 'x', 'rz', 'sx', 'rzz']","{'rzz', 'cz'}",local_fidelity,1.0,1.0,1.0,1.0
QV,20,4600,600,280,4,"[5, 5, 5, 5]","['cz', 'rx', 'reset', 'id', 'x', 'rz', 'sx', 'rzz']","{'rzz', 'cz'}",execution_time,0.0,0.0,0.0,0.0
QV,20,4600,600,280,4,"[5, 5, 5, 5]","['cz', 'rx', 'reset', 'id', 'x', 'rz', 'sx', 'rzz']","{'rzz', 'cz'}",num_comms,743.0,743.0,743.0,743.0
QV,20,4600,600,280,4,"[5, 5, 5, 5]","['cz', 'rx', 'reset', 'id', 'x', 'rz', 'sx', 'rzz']","{'rzz', 'cz'}",total_fidelity_loss,26.541016950814218,26.541016950814218,26.541016950814218,26.541016950814218
QV,20,4600,600,280,4,"[5, 5, 5, 5]","['cz', 'rx', 'reset', 'id', 'x', 'rz', 'sx', 'rzz']","{'rzz', 'cz'}",total_fidelity,1.8046219684311166e-12,1.8046219684311166e-12,1.8046219684311166e-12,1.8046219684311166e-12
Circuit,#Qubits,#Gates,#2Q Gates,#Depth,#QPUs,QPUs,Basis Gates,2Q Gate Names,Metrics,recursive_dp_global_max_match_direct_linkdp
QV,20,4600,600,280,4,"[5, 5, 5, 5]","['rzz', 'sx', 'cz', 'x', 'rx', 'id', 'reset', 'rz']","{'rzz', 'cz'}",remote_hops,0.0
QV,20,4600,600,280,4,"[5, 5, 5, 5]","['rzz', 'sx', 'cz', 'x', 'rx', 'id', 'reset', 'rz']","{'rzz', 'cz'}",remote_swaps,1727.0
QV,20,4600,600,280,4,"[5, 5, 5, 5]","['rzz', 'sx', 'cz', 'x', 'rx', 'id', 'reset', 'rz']","{'rzz', 'cz'}",remote_fidelity_loss,145.73590698478253
QV,20,4600,600,280,4,"[5, 5, 5, 5]","['rzz', 'sx', 'cz', 'x', 'rx', 'id', 'reset', 'rz']","{'rzz', 'cz'}",remote_fidelity,3.240065566937468e-67
QV,20,4600,600,280,4,"[5, 5, 5, 5]","['rzz', 'sx', 'cz', 'x', 'rx', 'id', 'reset', 'rz']","{'rzz', 'cz'}",local_fidelity_loss,0.0
QV,20,4600,600,280,4,"[5, 5, 5, 5]","['rzz', 'sx', 'cz', 'x', 'rx', 'id', 'reset', 'rz']","{'rzz', 'cz'}",local_fidelity,1.0
QV,20,4600,600,280,4,"[5, 5, 5, 5]","['rzz', 'sx', 'cz', 'x', 'rx', 'id', 'reset', 'rz']","{'rzz', 'cz'}",execution_time,0.0
QV,20,4600,600,280,4,"[5, 5, 5, 5]","['rzz', 'sx', 'cz', 'x', 'rx', 'id', 'reset', 'rz']","{'rzz', 'cz'}",num_comms,1727.0
QV,20,4600,600,280,4,"[5, 5, 5, 5]","['rzz', 'sx', 'cz', 'x', 'rx', 'id', 'reset', 'rz']","{'rzz', 'cz'}",total_fidelity_loss,145.73590698478253
QV,20,4600,600,280,4,"[5, 5, 5, 5]","['rzz', 'sx', 'cz', 'x', 'rx', 'id', 'reset', 'rz']","{'rzz', 'cz'}",total_fidelity,3.240065566937468e-67
Circuit,#Qubits,#Gates,#2Q Gates,#Depth,#QPUs,QPUs,Basis Gates,2Q Gate Names,Metrics,recursive_dp_global_max_match_direct_linkdp
QV,20,4600,600,280,4,"[5, 5, 5, 5]","['sx', 'rz', 'cz', 'rx', 'rzz', 'x', 'reset', 'id']","{'rzz', 'cz'}",remote_hops,0.0
QV,20,4600,600,280,4,"[5, 5, 5, 5]","['sx', 'rz', 'cz', 'rx', 'rzz', 'x', 'reset', 'id']","{'rzz', 'cz'}",remote_swaps,1727.0
QV,20,4600,600,280,4,"[5, 5, 5, 5]","['sx', 'rz', 'cz', 'rx', 'rzz', 'x', 'reset', 'id']","{'rzz', 'cz'}",remote_fidelity_loss,91.05291719692039
QV,20,4600,600,280,4,"[5, 5, 5, 5]","['sx', 'rz', 'cz', 'rx', 'rzz', 'x', 'reset', 'id']","{'rzz', 'cz'}",remote_fidelity,1.6695465397870544e-41
QV,20,4600,600,280,4,"[5, 5, 5, 5]","['sx', 'rz', 'cz', 'rx', 'rzz', 'x', 'reset', 'id']","{'rzz', 'cz'}",local_fidelity_loss,0.0
QV,20,4600,600,280,4,"[5, 5, 5, 5]","['sx', 'rz', 'cz', 'rx', 'rzz', 'x', 'reset', 'id']","{'rzz', 'cz'}",local_fidelity,1.0
QV,20,4600,600,280,4,"[5, 5, 5, 5]","['sx', 'rz', 'cz', 'rx', 'rzz', 'x', 'reset', 'id']","{'rzz', 'cz'}",execution_time,0.0
QV,20,4600,600,280,4,"[5, 5, 5, 5]","['sx', 'rz', 'cz', 'rx', 'rzz', 'x', 'reset', 'id']","{'rzz', 'cz'}",num_comms,1727.0
QV,20,4600,600,280,4,"[5, 5, 5, 5]","['sx', 'rz', 'cz', 'rx', 'rzz', 'x', 'reset', 'id']","{'rzz', 'cz'}",total_fidelity_loss,91.05291719692039
QV,20,4600,600,280,4,"[5, 5, 5, 5]","['sx', 'rz', 'cz', 'rx', 'rzz', 'x', 'reset', 'id']","{'rzz', 'cz'}",total_fidelity,1.6695465397870544e-41
Circuit,#Qubits,#Gates,#2Q Gates,#Depth,#QPUs,QPUs,Basis Gates,2Q Gate Names,Metrics,recursive_dp_global_max_match_direct_linkdp
QV,20,4600,600,280,4,"[5, 5, 5, 5]","['id', 'cz', 'rzz', 'sx', 'x', 'rz', 'reset', 'rx']","{'cz', 'rzz'}",remote_hops,0.0
QV,20,4600,600,280,4,"[5, 5, 5, 5]","['id', 'cz', 'rzz', 'sx', 'x', 'rz', 'reset', 'rx']","{'cz', 'rzz'}",remote_swaps,1727.0
QV,20,4600,600,280,4,"[5, 5, 5, 5]","['id', 'cz', 'rzz', 'sx', 'x', 'rz', 'reset', 'rx']","{'cz', 'rzz'}",remote_fidelity_loss,150.68240636325532
QV,20,4600,600,280,4,"[5, 5, 5, 5]","['id', 'cz', 'rzz', 'sx', 'x', 'rz', 'reset', 'rx']","{'cz', 'rzz'}",remote_fidelity,1.3052030895678623e-69
QV,20,4600,600,280,4,"[5, 5, 5, 5]","['id', 'cz', 'rzz', 'sx', 'x', 'rz', 'reset', 'rx']","{'cz', 'rzz'}",local_fidelity_loss,0.0
QV,20,4600,600,280,4,"[5, 5, 5, 5]","['id', 'cz', 'rzz', 'sx', 'x', 'rz', 'reset', 'rx']","{'cz', 'rzz'}",local_fidelity,1.0
QV,20,4600,600,280,4,"[5, 5, 5, 5]","['id', 'cz', 'rzz', 'sx', 'x', 'rz', 'reset', 'rx']","{'cz', 'rzz'}",execution_time,0.0
QV,20,4600,600,280,4,"[5, 5, 5, 5]","['id', 'cz', 'rzz', 'sx', 'x', 'rz', 'reset', 'rx']","{'cz', 'rzz'}",num_comms,1727.0
QV,20,4600,600,280,4,"[5, 5, 5, 5]","['id', 'cz', 'rzz', 'sx', 'x', 'rz', 'reset', 'rx']","{'cz', 'rzz'}",total_fidelity_loss,150.68240636325532
QV,20,4600,600,280,4,"[5, 5, 5, 5]","['id', 'cz', 'rzz', 'sx', 'x', 'rz', 'reset', 'rx']","{'cz', 'rzz'}",total_fidelity,1.3052030895678623e-69
Circuit,#Qubits,#Gates,#2Q Gates,#Depth,#QPUs,QPUs,Basis Gates,2Q Gate Names,Metrics,recursive_dp_global_max_match_direct_linkdp
QV,20,4600,600,280,4,"[5, 5, 5, 5]","['rx', 'rzz', 'id', 'x', 'sx', 'cz', 'reset', 'rz']","{'cz', 'rzz'}",remote_hops,0.0
QV,20,4600,600,280,4,"[5, 5, 5, 5]","['rx', 'rzz', 'id', 'x', 'sx', 'cz', 'reset', 'rz']","{'cz', 'rzz'}",remote_swaps,1764.0
QV,20,4600,600,280,4,"[5, 5, 5, 5]","['rx', 'rzz', 'id', 'x', 'sx', 'cz', 'reset', 'rz']","{'cz', 'rzz'}",remote_fidelity_loss,130.8949212297205
QV,20,4600,600,280,4,"[5, 5, 5, 5]","['rx', 'rzz', 'id', 'x', 'sx', 'cz', 'reset', 'rz']","{'cz', 'rzz'}",remote_fidelity,4.0530448269162104e-60
QV,20,4600,600,280,4,"[5, 5, 5, 5]","['rx', 'rzz', 'id', 'x', 'sx', 'cz', 'reset', 'rz']","{'cz', 'rzz'}",local_fidelity_loss,1.348670608576342
QV,20,4600,600,280,4,"[5, 5, 5, 5]","['rx', 'rzz', 'id', 'x', 'sx', 'cz', 'reset', 'rz']","{'cz', 'rzz'}",local_fidelity,0.25921937868733547
QV,20,4600,600,280,4,"[5, 5, 5, 5]","['rx', 'rzz', 'id', 'x', 'sx', 'cz', 'reset', 'rz']","{'cz', 'rzz'}",execution_time,0.0
QV,20,4600,600,280,4,"[5, 5, 5, 5]","['rx', 'rzz', 'id', 'x', 'sx', 'cz', 'reset', 'rz']","{'cz', 'rzz'}",num_comms,1764.0
QV,20,4600,600,280,4,"[5, 5, 5, 5]","['rx', 'rzz', 'id', 'x', 'sx', 'cz', 'reset', 'rz']","{'cz', 'rzz'}",total_fidelity_loss,132.24359183829685
QV,20,4600,600,280,4,"[5, 5, 5, 5]","['rx', 'rzz', 'id', 'x', 'sx', 'cz', 'reset', 'rz']","{'cz', 'rzz'}",total_fidelity,1.0506277618251392e-60
Circuit,#Qubits,#Gates,#2Q Gates,#Depth,#QPUs,QPUs,Basis Gates,2Q Gate Names,Metrics,recursive_dp_global_max_match_direct_linkdp
QV,20,4600,600,280,4,"[5, 5, 5, 5]","['x', 'sx', 'rzz', 'rx', 'rz', 'cz', 'reset', 'id']","{'rzz', 'cz'}",remote_hops,0.0
QV,20,4600,600,280,4,"[5, 5, 5, 5]","['x', 'sx', 'rzz', 'rx', 'rz', 'cz', 'reset', 'id']","{'rzz', 'cz'}",remote_swaps,1761.0
QV,20,4600,600,280,4,"[5, 5, 5, 5]","['x', 'sx', 'rzz', 'rx', 'rz', 'cz', 'reset', 'id']","{'rzz', 'cz'}",remote_fidelity_loss,133.55667245280475
QV,20,4600,600,280,4,"[5, 5, 5, 5]","['x', 'sx', 'rzz', 'rx', 'rz', 'cz', 'reset', 'id']","{'rzz', 'cz'}",remote_fidelity,1.899837442175415e-61
QV,20,4600,600,280,4,"[5, 5, 5, 5]","['x', 'sx', 'rzz', 'rx', 'rz', 'cz', 'reset', 'id']","{'rzz', 'cz'}",local_fidelity_loss,1.348670608576342
QV,20,4600,600,280,4,"[5, 5, 5, 5]","['x', 'sx', 'rzz', 'rx', 'rz', 'cz', 'reset', 'id']","{'rzz', 'cz'}",local_fidelity,0.25921937868733547
QV,20,4600,600,280,4,"[5, 5, 5, 5]","['x', 'sx', 'rzz', 'rx', 'rz', 'cz', 'reset', 'id']","{'rzz', 'cz'}",execution_time,0.0
QV,20,4600,600,280,4,"[5, 5, 5, 5]","['x', 'sx', 'rzz', 'rx', 'rz', 'cz', 'reset', 'id']","{'rzz', 'cz'}",num_comms,1761.0
QV,20,4600,600,280,4,"[5, 5, 5, 5]","['x', 'sx', 'rzz', 'rx', 'rz', 'cz', 'reset', 'id']","{'rzz', 'cz'}",total_fidelity_loss,134.9053430613811
QV,20,4600,600,280,4,"[5, 5, 5, 5]","['x', 'sx', 'rzz', 'rx', 'rz', 'cz', 'reset', 'id']","{'rzz', 'cz'}",total_fidelity,4.924746813676477e-62
Circuit,#Qubits,#Gates,#2Q Gates,#Depth,#QPUs,QPUs,Basis Gates,2Q Gate Names,Metrics,recursive_dp_global_max_match_direct_linkdp
QV,20,4600,600,280,4,"[5, 5, 5, 5]","['rx', 'sx', 'id', 'x', 'rz', 'cz', 'reset', 'rzz']","{'rzz', 'cz'}",remote_hops,0.0
QV,20,4600,600,280,4,"[5, 5, 5, 5]","['rx', 'sx', 'id', 'x', 'rz', 'cz', 'reset', 'rzz']","{'rzz', 'cz'}",remote_swaps,1752.0
QV,20,4600,600,280,4,"[5, 5, 5, 5]","['rx', 'sx', 'id', 'x', 'rz', 'cz', 'reset', 'rzz']","{'rzz', 'cz'}",remote_fidelity_loss,133.0766987445646
QV,20,4600,600,280,4,"[5, 5, 5, 5]","['rx', 'sx', 'id', 'x', 'rz', 'cz', 'reset', 'rzz']","{'rzz', 'cz'}",remote_fidelity,3.5914603566192455e-61
QV,20,4600,600,280,4,"[5, 5, 5, 5]","['rx', 'sx', 'id', 'x', 'rz', 'cz', 'reset', 'rzz']","{'rzz', 'cz'}",local_fidelity_loss,1.348670608576342
QV,20,4600,600,280,4,"[5, 5, 5, 5]","['rx', 'sx', 'id', 'x', 'rz', 'cz', 'reset', 'rzz']","{'rzz', 'cz'}",local_fidelity,0.25921937868733536
QV,20,4600,600,280,4,"[5, 5, 5, 5]","['rx', 'sx', 'id', 'x', 'rz', 'cz', 'reset', 'rzz']","{'rzz', 'cz'}",execution_time,0.0
QV,20,4600,600,280,4,"[5, 5, 5, 5]","['rx', 'sx', 'id', 'x', 'rz', 'cz', 'reset', 'rzz']","{'rzz', 'cz'}",num_comms,1752.0
QV,20,4600,600,280,4,"[5, 5, 5, 5]","['rx', 'sx', 'id', 'x', 'rz', 'cz', 'reset', 'rzz']","{'rzz', 'cz'}",total_fidelity_loss,134.42536935314095
QV,20,4600,600,280,4,"[5, 5, 5, 5]","['rx', 'sx', 'id', 'x', 'rz', 'cz', 'reset', 'rzz']","{'rzz', 'cz'}",total_fidelity,9.309761222230367e-62
QV,20,4600,600,280,4,"[5, 5, 5, 5]","['rx', 'sx', 'id', 'x', 'rz', 'cz', 'reset', 'rzz']","{'rzz', 'cz'}",partition_time_sec,0.2356
QV,20,4600,600,280,4,"[5, 5, 5, 5]","['rx', 'sx', 'id', 'x', 'rz', 'cz', 'reset', 'rzz']","{'rzz', 'cz'}",assign_time_sec,0.2212
QV,20,4600,600,280,4,"[5, 5, 5, 5]","['rx', 'sx', 'id', 'x', 'rz', 'cz', 'reset', 'rzz']","{'rzz', 'cz'}",telegate_time_sec,0.0311
QV,20,4600,600,280,4,"[5, 5, 5, 5]","['rx', 'sx', 'id', 'x', 'rz', 'cz', 'reset', 'rzz']","{'rzz', 'cz'}",mapper_time_sec,9.1971
QV,20,4600,600,280,4,"[5, 5, 5, 5]","['rx', 'sx', 'id', 'x', 'rz', 'cz', 'reset', 'rzz']","{'rzz', 'cz'}",total_stage_time_sec,9.685
Circuit,#Qubits,#Gates,#2Q Gates,#Depth,#QPUs,QPUs,Basis Gates,2Q Gate Names,net_type,Metrics,recursive_dp_global_max_match_direct_linkdp
QV,20,4600,600,280,4,"[5, 5, 5, 5]","['reset', 'x', 'id', 'cz', 'sx', 'rz', 'rx', 'rzz']","{'rzz', 'cz'}",mesh_grid,remote_hops,0.0
QV,20,4600,600,280,4,"[5, 5, 5, 5]","['reset', 'x', 'id', 'cz', 'sx', 'rz', 'rx', 'rzz']","{'rzz', 'cz'}",mesh_grid,remote_swaps,1893.0
QV,20,4600,600,280,4,"[5, 5, 5, 5]","['reset', 'x', 'id', 'cz', 'sx', 'rz', 'rx', 'rzz']","{'rzz', 'cz'}",mesh_grid,remote_fidelity_loss,117.5709177164548
QV,20,4600,600,280,4,"[5, 5, 5, 5]","['reset', 'x', 'id', 'cz', 'sx', 'rz', 'rx', 'rzz']","{'rzz', 'cz'}",mesh_grid,remote_fidelity,1.1028853975531424e-53
QV,20,4600,600,280,4,"[5, 5, 5, 5]","['reset', 'x', 'id', 'cz', 'sx', 'rz', 'rx', 'rzz']","{'rzz', 'cz'}",mesh_grid,local_fidelity_loss,1.348670608576342
QV,20,4600,600,280,4,"[5, 5, 5, 5]","['reset', 'x', 'id', 'cz', 'sx', 'rz', 'rx', 'rzz']","{'rzz', 'cz'}",mesh_grid,local_fidelity,0.25921937868733574
QV,20,4600,600,280,4,"[5, 5, 5, 5]","['reset', 'x', 'id', 'cz', 'sx', 'rz', 'rx', 'rzz']","{'rzz', 'cz'}",mesh_grid,execution_time,0.0
QV,20,4600,600,280,4,"[5, 5, 5, 5]","['reset', 'x', 'id', 'cz', 'sx', 'rz', 'rx', 'rzz']","{'rzz', 'cz'}",mesh_grid,num_comms,1893.0
QV,20,4600,600,280,4,"[5, 5, 5, 5]","['reset', 'x', 'id', 'cz', 'sx', 'rz', 'rx', 'rzz']","{'rzz', 'cz'}",mesh_grid,total_fidelity_loss,118.91958832503114
QV,20,4600,600,280,4,"[5, 5, 5, 5]","['reset', 'x', 'id', 'cz', 'sx', 'rz', 'rx', 'rzz']","{'rzz', 'cz'}",mesh_grid,total_fidelity,2.8588926751706083e-54
QV,20,4600,600,280,4,"[5, 5, 5, 5]","['reset', 'x', 'id', 'cz', 'sx', 'rz', 'rx', 'rzz']","{'rzz', 'cz'}",mesh_grid,partition_time_sec,0.2506
QV,20,4600,600,280,4,"[5, 5, 5, 5]","['reset', 'x', 'id', 'cz', 'sx', 'rz', 'rx', 'rzz']","{'rzz', 'cz'}",mesh_grid,assign_time_sec,0.2197
QV,20,4600,600,280,4,"[5, 5, 5, 5]","['reset', 'x', 'id', 'cz', 'sx', 'rz', 'rx', 'rzz']","{'rzz', 'cz'}",mesh_grid,telegate_time_sec,0.0305
QV,20,4600,600,280,4,"[5, 5, 5, 5]","['reset', 'x', 'id', 'cz', 'sx', 'rz', 'rx', 'rzz']","{'rzz', 'cz'}",mesh_grid,mapper_time_sec,10.2631
QV,20,4600,600,280,4,"[5, 5, 5, 5]","['reset', 'x', 'id', 'cz', 'sx', 'rz', 'rx', 'rzz']","{'rzz', 'cz'}",mesh_grid,total_stage_time_sec,10.7639
Circuit,#Qubits,#Gates,#2Q Gates,#Depth,#QPUs,QPUs,Basis Gates,2Q Gate Names,net_type,Metrics,recursive_dp_global_max_match_direct_linkdp
QV,20,2762,579,202,4,"[5, 5, 5, 5]","['rx', 'x', 'reset', 'rz', 'rzz', 'id', 'cz', 'sx']","{'rzz', 'cz'}",mesh_grid,remote_hops,0.0
QV,20,2762,579,202,4,"[5, 5, 5, 5]","['rx', 'x', 'reset', 'rz', 'rzz', 'id', 'cz', 'sx']","{'rzz', 'cz'}",mesh_grid,remote_swaps,1360.0
QV,20,2762,579,202,4,"[5, 5, 5, 5]","['rx', 'x', 'reset', 'rz', 'rzz', 'id', 'cz', 'sx']","{'rzz', 'cz'}",mesh_grid,remote_fidelity_loss,104.25621802785467
QV,20,2762,579,202,4,"[5, 5, 5, 5]","['rx', 'x', 'reset', 'rz', 'rzz', 'id', 'cz', 'sx']","{'rzz', 'cz'}",mesh_grid,remote_fidelity,4.2769566150360316e-48
QV,20,2762,579,202,4,"[5, 5, 5, 5]","['rx', 'x', 'reset', 'rz', 'rzz', 'id', 'cz', 'sx']","{'rzz', 'cz'}",mesh_grid,local_fidelity_loss,1.447203593628764
QV,20,2762,579,202,4,"[5, 5, 5, 5]","['rx', 'x', 'reset', 'rz', 'rzz', 'id', 'cz', 'sx']","{'rzz', 'cz'}",mesh_grid,local_fidelity,0.23490869594708602
QV,20,2762,579,202,4,"[5, 5, 5, 5]","['rx', 'x', 'reset', 'rz', 'rzz', 'id', 'cz', 'sx']","{'rzz', 'cz'}",mesh_grid,execution_time,0.0
QV,20,2762,579,202,4,"[5, 5, 5, 5]","['rx', 'x', 'reset', 'rz', 'rzz', 'id', 'cz', 'sx']","{'rzz', 'cz'}",mesh_grid,num_comms,1360.0
QV,20,2762,579,202,4,"[5, 5, 5, 5]","['rx', 'x', 'reset', 'rz', 'rzz', 'id', 'cz', 'sx']","{'rzz', 'cz'}",mesh_grid,total_fidelity_loss,105.70342162148344
QV,20,2762,579,202,4,"[5, 5, 5, 5]","['rx', 'x', 'reset', 'rz', 'rzz', 'id', 'cz', 'sx']","{'rzz', 'cz'}",mesh_grid,total_fidelity,1.0046943010603774e-48
QV,20,2762,579,202,4,"[5, 5, 5, 5]","['rx', 'x', 'reset', 'rz', 'rzz', 'id', 'cz', 'sx']","{'rzz', 'cz'}",mesh_grid,partition_time_sec,0.3533
QV,20,2762,579,202,4,"[5, 5, 5, 5]","['rx', 'x', 'reset', 'rz', 'rzz', 'id', 'cz', 'sx']","{'rzz', 'cz'}",mesh_grid,assign_time_sec,0.2147
QV,20,2762,579,202,4,"[5, 5, 5, 5]","['rx', 'x', 'reset', 'rz', 'rzz', 'id', 'cz', 'sx']","{'rzz', 'cz'}",mesh_grid,telegate_time_sec,0.0245
QV,20,2762,579,202,4,"[5, 5, 5, 5]","['rx', 'x', 'reset', 'rz', 'rzz', 'id', 'cz', 'sx']","{'rzz', 'cz'}",mesh_grid,mapper_time_sec,8.127
QV,20,2762,579,202,4,"[5, 5, 5, 5]","['rx', 'x', 'reset', 'rz', 'rzz', 'id', 'cz', 'sx']","{'rzz', 'cz'}",mesh_grid,total_stage_time_sec,8.7195
Circuit,#Qubits,#Gates,#2Q Gates,#Depth,#QPUs,QPUs,Basis Gates,2Q Gate Names,net_type,Metrics,recursive_dp_global_max_match_direct_direct,recursive_dp_global_max_match_direct_greedy,recursive_dp_global_max_match_direct_dp,recursive_dp_global_max_match_direct_linkdp
QV,20,2762,579,202,4,"[5, 5, 5, 5]","['sx', 'id', 'rz', 'cz', 'x', 'reset', 'rzz', 'rx']","{'cz', 'rzz'}",mesh_grid,remote_hops,0.0,0.0,0.0,0.0
QV,20,2762,579,202,4,"[5, 5, 5, 5]","['sx', 'id', 'rz', 'cz', 'x', 'reset', 'rzz', 'rx']","{'cz', 'rzz'}",mesh_grid,remote_swaps,1330.0,1130.0,1004.0,1360.0
QV,20,2762,579,202,4,"[5, 5, 5, 5]","['sx', 'id', 'rz', 'cz', 'x', 'reset', 'rzz', 'rx']","{'cz', 'rzz'}",mesh_grid,remote_fidelity_loss,103.66035591068096,72.10617088649684,60.121610994542145,101.27235449879743
QV,20,2762,579,202,4,"[5, 5, 5, 5]","['sx', 'id', 'rz', 'cz', 'x', 'reset', 'rzz', 'rx']","{'cz', 'rzz'}",mesh_grid,remote_fidelity,6.954427059779902e-48,2.920827099497334e-33,8.86208501740474e-28,1.0510784276531438e-46
QV,20,2762,579,202,4,"[5, 5, 5, 5]","['sx', 'id', 'rz', 'cz', 'x', 'reset', 'rzz', 'rx']","{'cz', 'rzz'}",mesh_grid,local_fidelity_loss,0.0,1.447203593628764,1.447203593628764,1.447203593628764
QV,20,2762,579,202,4,"[5, 5, 5, 5]","['sx', 'id', 'rz', 'cz', 'x', 'reset', 'rzz', 'rx']","{'cz', 'rzz'}",mesh_grid,local_fidelity,1.0,0.23490869594708602,0.23490869594708635,0.23490869594708602
QV,20,2762,579,202,4,"[5, 5, 5, 5]","['sx', 'id', 'rz', 'cz', 'x', 'reset', 'rzz', 'rx']","{'cz', 'rzz'}",mesh_grid,execution_time,0.0,0.0,0.0,0.0
QV,20,2762,579,202,4,"[5, 5, 5, 5]","['sx', 'id', 'rz', 'cz', 'x', 'reset', 'rzz', 'rx']","{'cz', 'rzz'}",mesh_grid,num_comms,1330.0,1130.0,1004.0,1360.0
QV,20,2762,579,202,4,"[5, 5, 5, 5]","['sx', 'id', 'rz', 'cz', 'x', 'reset', 'rzz', 'rx']","{'cz', 'rzz'}",mesh_grid,total_fidelity_loss,103.66035591068096,73.5533744801256,61.56881458817091,102.71955809242618
QV,20,2762,579,202,4,"[5, 5, 5, 5]","['sx', 'id', 'rz', 'cz', 'x', 'reset', 'rzz', 'rx']","{'cz', 'rzz'}",mesh_grid,total_fidelity,6.954427059779902e-48,6.861276850298284e-34,2.0817808348107596e-28,2.469074627781136e-47
QV,20,2762,579,202,4,"[5, 5, 5, 5]","['sx', 'id', 'rz', 'cz', 'x', 'reset', 'rzz', 'rx']","{'cz', 'rzz'}",mesh_grid,partition_time_sec,0.3573,0.3573,0.3573,0.3573
QV,20,2762,579,202,4,"[5, 5, 5, 5]","['sx', 'id', 'rz', 'cz', 'x', 'reset', 'rzz', 'rx']","{'cz', 'rzz'}",mesh_grid,assign_time_sec,0.2064,0.2064,0.2064,0.2064
QV,20,2762,579,202,4,"[5, 5, 5, 5]","['sx', 'id', 'rz', 'cz', 'x', 'reset', 'rzz', 'rx']","{'cz', 'rzz'}",mesh_grid,telegate_time_sec,0.0262,0.0262,0.0262,0.0262
QV,20,2762,579,202,4,"[5, 5, 5, 5]","['sx', 'id', 'rz', 'cz', 'x', 'reset', 'rzz', 'rx']","{'cz', 'rzz'}",mesh_grid,mapper_time_sec,0.0002,124.2398,129.6496,7.6213
QV,20,2762,579,202,4,"[5, 5, 5, 5]","['sx', 'id', 'rz', 'cz', 'x', 'reset', 'rzz', 'rx']","{'cz', 'rzz'}",mesh_grid,total_stage_time_sec,0.59,124.8297,130.2394,8.2111
Circuit,#Qubits,#Gates,#2Q Gates,#Depth,#QPUs,QPUs,Basis Gates,2Q Gate Names,net_type,Metrics,recursive_dp_global_max_match_direct_direct,recursive_dp_global_max_match_direct_greedy,recursive_dp_global_max_match_direct_dp,recursive_dp_global_max_match_direct_linkdp
QV,20,2762,579,202,4,"[5, 5, 5, 5]","['id', 'reset', 'rz', 'x', 'sx', 'rzz', 'rx', 'cz']","{'rzz', 'cz'}",mesh_grid,remote_hops,0.0,0.0,0.0,0.0
QV,20,2762,579,202,4,"[5, 5, 5, 5]","['id', 'reset', 'rz', 'x', 'sx', 'rzz', 'rx', 'cz']","{'rzz', 'cz'}",mesh_grid,remote_swaps,1330.0,1128.0,1004.0,1360.0
QV,20,2762,579,202,4,"[5, 5, 5, 5]","['id', 'reset', 'rz', 'x', 'sx', 'rzz', 'rx', 'cz']","{'rzz', 'cz'}",mesh_grid,remote_fidelity_loss,109.64259897189662,77.51405009854965,63.82476563766426,107.19018506782939
QV,20,2762,579,202,4,"[5, 5, 5, 5]","['id', 'reset', 'rz', 'x', 'sx', 'rzz', 'rx', 'cz']","{'rzz', 'cz'}",mesh_grid,remote_fidelity,9.887219634966543e-51,8.34831019381571e-36,1.6585560760006083e-29,1.6378086336347712e-49
QV,20,2762,579,202,4,"[5, 5, 5, 5]","['id', 'reset', 'rz', 'x', 'sx', 'rzz', 'rx', 'cz']","{'rzz', 'cz'}",mesh_grid,local_fidelity_loss,1.447203593628764,1.447203593628764,1.447203593628764,1.447203593628764
QV,20,2762,579,202,4,"[5, 5, 5, 5]","['id', 'reset', 'rz', 'x', 'sx', 'rzz', 'rx', 'cz']","{'rzz', 'cz'}",mesh_grid,local_fidelity,0.23490869594708627,0.23490869594708624,0.23490869594708635,0.23490869594708602
QV,20,2762,579,202,4,"[5, 5, 5, 5]","['id', 'reset', 'rz', 'x', 'sx', 'rzz', 'rx', 'cz']","{'rzz', 'cz'}",mesh_grid,execution_time,0.0,0.0,0.0,0.0
QV,20,2762,579,202,4,"[5, 5, 5, 5]","['id', 'reset', 'rz', 'x', 'sx', 'rzz', 'rx', 'cz']","{'rzz', 'cz'}",mesh_grid,num_comms,1330.0,1128.0,1004.0,1360.0
QV,20,2762,579,202,4,"[5, 5, 5, 5]","['id', 'reset', 'rz', 'x', 'sx', 'rzz', 'rx', 'cz']","{'rzz', 'cz'}",mesh_grid,total_fidelity_loss,111.08980256552539,78.96125369217842,65.27196923129301,108.63738866145815
QV,20,2762,579,202,4,"[5, 5, 5, 5]","['id', 'reset', 'rz', 'x', 'sx', 'rzz', 'rx', 'cz']","{'rzz', 'cz'}",mesh_grid,total_fidelity,2.3225938709924172e-51,1.9610906609910152e-36,3.8960924496841954e-30,3.8473549033802287e-50
QV,20,2762,579,202,4,"[5, 5, 5, 5]","['id', 'reset', 'rz', 'x', 'sx', 'rzz', 'rx', 'cz']","{'rzz', 'cz'}",mesh_grid,partition_time_sec,0.2128,0.2128,0.2128,0.2128
QV,20,2762,579,202,4,"[5, 5, 5, 5]","['id', 'reset', 'rz', 'x', 'sx', 'rzz', 'rx', 'cz']","{'rzz', 'cz'}",mesh_grid,assign_time_sec,0.123,0.123,0.123,0.123
QV,20,2762,579,202,4,"[5, 5, 5, 5]","['id', 'reset', 'rz', 'x', 'sx', 'rzz', 'rx', 'cz']","{'rzz', 'cz'}",mesh_grid,telegate_time_sec,0.0151,0.0151,0.0151,0.0151
QV,20,2762,579,202,4,"[5, 5, 5, 5]","['id', 'reset', 'rz', 'x', 'sx', 'rzz', 'rx', 'cz']","{'rzz', 'cz'}",mesh_grid,mapper_time_sec,4.0066,76.1617,94.4694,8.086
QV,20,2762,579,202,4,"[5, 5, 5, 5]","['id', 'reset', 'rz', 'x', 'sx', 'rzz', 'rx', 'cz']","{'rzz', 'cz'}",mesh_grid,total_stage_time_sec,4.3574,76.5126,94.8203,8.4369
Circuit,#Qubits,#Gates,#2Q Gates,#Depth,#QPUs,QPUs,Basis Gates,2Q Gate Names,net_type,Metrics,recursive_dp_global_max_match_direct_direct,recursive_dp_global_max_match_direct_greedy,recursive_dp_global_max_match_direct_dp,recursive_dp_global_max_match_direct_linkdp
QV,20,2762,579,202,4,"[5, 5, 5, 5]","['cz', 'rzz', 'x', 'rz', 'reset', 'rx', 'id', 'sx']","{'cz', 'rzz'}",mesh_grid,remote_hops,0.0,0.0,0.0,0.0
QV,20,2762,579,202,4,"[5, 5, 5, 5]","['cz', 'rzz', 'x', 'rz', 'reset', 'rx', 'id', 'sx']","{'cz', 'rzz'}",mesh_grid,remote_swaps,1330.0,1128.0,1004.0,1351.0
QV,20,2762,579,202,4,"[5, 5, 5, 5]","['cz', 'rzz', 'x', 'rz', 'reset', 'rx', 'id', 'sx']","{'cz', 'rzz'}",mesh_grid,remote_fidelity_loss,113.57702039711427,80.17581285626028,66.18965852531274,111.83511658679501
QV,20,2762,579,202,4,"[5, 5, 5, 5]","['cz', 'rzz', 'x', 'rz', 'reset', 'rx', 'id', 'sx']","{'cz', 'rzz'}",mesh_grid,remote_fidelity,1.366852092459832e-52,4.53057170217831e-37,1.231238902851779e-30,9.854113716752282e-52
QV,20,2762,579,202,4,"[5, 5, 5, 5]","['cz', 'rzz', 'x', 'rz', 'reset', 'rx', 'id', 'sx']","{'cz', 'rzz'}",mesh_grid,local_fidelity_loss,1.447203593628764,1.447203593628764,1.447203593628764,1.447203593628764
QV,20,2762,579,202,4,"[5, 5, 5, 5]","['cz', 'rzz', 'x', 'rz', 'reset', 'rx', 'id', 'sx']","{'cz', 'rzz'}",mesh_grid,local_fidelity,0.23490869594708627,0.23490869594708635,0.23490869594708652,0.23490869594708647
QV,20,2762,579,202,4,"[5, 5, 5, 5]","['cz', 'rzz', 'x', 'rz', 'reset', 'rx', 'id', 'sx']","{'cz', 'rzz'}",mesh_grid,execution_time,0.0,0.0,0.0,0.0
QV,20,2762,579,202,4,"[5, 5, 5, 5]","['cz', 'rzz', 'x', 'rz', 'reset', 'rx', 'id', 'sx']","{'cz', 'rzz'}",mesh_grid,num_comms,1330.0,1128.0,1004.0,1351.0
QV,20,2762,579,202,4,"[5, 5, 5, 5]","['cz', 'rzz', 'x', 'rz', 'reset', 'rx', 'id', 'sx']","{'cz', 'rzz'}",mesh_grid,total_fidelity_loss,115.02422399074302,81.62301644988904,67.63686211894151,113.28232018042377
QV,20,2762,579,202,4,"[5, 5, 5, 5]","['cz', 'rzz', 'x', 'rz', 'reset', 'rx', 'id', 'sx']","{'cz', 'rzz'}",mesh_grid,total_fidelity,3.2108544259228534e-53,1.0642706904534782e-37,2.8922872506823293e-31,2.3148170029165758e-52
QV,20,2762,579,202,4,"[5, 5, 5, 5]","['cz', 'rzz', 'x', 'rz', 'reset', 'rx', 'id', 'sx']","{'cz', 'rzz'}",mesh_grid,partition_time_sec,0.2124,0.2124,0.2124,0.2124
QV,20,2762,579,202,4,"[5, 5, 5, 5]","['cz', 'rzz', 'x', 'rz', 'reset', 'rx', 'id', 'sx']","{'cz', 'rzz'}",mesh_grid,assign_time_sec,0.1219,0.1219,0.1219,0.1219
QV,20,2762,579,202,4,"[5, 5, 5, 5]","['cz', 'rzz', 'x', 'rz', 'reset', 'rx', 'id', 'sx']","{'cz', 'rzz'}",mesh_grid,telegate_time_sec,0.0151,0.0151,0.0151,0.0151
QV,20,2762,579,202,4,"[5, 5, 5, 5]","['cz', 'rzz', 'x', 'rz', 'reset', 'rx', 'id', 'sx']","{'cz', 'rzz'}",mesh_grid,mapper_time_sec,3.883,71.8753,52.1446,5.2573
QV,20,2762,579,202,4,"[5, 5, 5, 5]","['cz', 'rzz', 'x', 'rz', 'reset', 'rx', 'id', 'sx']","{'cz', 'rzz'}",mesh_grid,total_stage_time_sec,4.2324,72.2247,52.494,5.6067
Circuit,#Qubits,#Gates,#2Q Gates,#Depth,#QPUs,QPUs,Basis Gates,2Q Gate Names,net_type,Metrics,recursive_dp_global_max_match_direct_direct,recursive_dp_global_max_match_direct_greedy,recursive_dp_global_max_match_direct_dp,recursive_dp_global_max_match_direct_newdp,recursive_dp_global_max_match_direct_linkdp
QV,20,2762,579,202,4,"[5, 5, 5, 5]","['rz', 'id', 'cz', 'x', 'reset', 'rzz', 'rx', 'sx']","{'rzz', 'cz'}",mesh_grid,remote_hops,0.0,0.0,0.0,0.0,0.0
QV,20,2762,579,202,4,"[5, 5, 5, 5]","['rz', 'id', 'cz', 'x', 'reset', 'rzz', 'rx', 'sx']","{'rzz', 'cz'}",mesh_grid,remote_swaps,1330.0,1189.0,1009.0,28.0,1334.0
QV,20,2762,579,202,4,"[5, 5, 5, 5]","['rz', 'id', 'cz', 'x', 'reset', 'rzz', 'rx', 'sx']","{'rzz', 'cz'}",mesh_grid,remote_fidelity_loss,102.79329883320294,76.64007602968937,60.934341233256454,15.737954745952614,98.56119132005826
QV,20,2762,579,202,4,"[5, 5, 5, 5]","['rz', 'id', 'cz', 'x', 'reset', 'rzz', 'rx', 'sx']","{'rzz', 'cz'}",mesh_grid,remote_fidelity,2.0169212542323184e-47,2.3962560589951063e-35,3.495936399418633e-28,9.293584244266449e-08,1.9385607064469588e-45
QV,20,2762,579,202,4,"[5, 5, 5, 5]","['rz', 'id', 'cz', 'x', 'reset', 'rzz', 'rx', 'sx']","{'rzz', 'cz'}",mesh_grid,local_fidelity_loss,1.447203593628764,1.447203593628764,1.447203593628764,1.447203593628764,1.447203593628764
QV,20,2762,579,202,4,"[5, 5, 5, 5]","['rz', 'id', 'cz', 'x', 'reset', 'rzz', 'rx', 'sx']","{'rzz', 'cz'}",mesh_grid,local_fidelity,0.23490869594708627,0.23490869594708613,0.23490869594708613,0.2349086959470861,0.2349086959470861
QV,20,2762,579,202,4,"[5, 5, 5, 5]","['rz', 'id', 'cz', 'x', 'reset', 'rzz', 'rx', 'sx']","{'rzz', 'cz'}",mesh_grid,execution_time,0.0,0.0,0.0,0.0,0.0
QV,20,2762,579,202,4,"[5, 5, 5, 5]","['rz', 'id', 'cz', 'x', 'reset', 'rzz', 'rx', 'sx']","{'rzz', 'cz'}",mesh_grid,num_comms,1330.0,1189.0,1009.0,28.0,1334.0
QV,20,2762,579,202,4,"[5, 5, 5, 5]","['rz', 'id', 'cz', 'x', 'reset', 'rzz', 'rx', 'sx']","{'rzz', 'cz'}",mesh_grid,total_fidelity_loss,104.24050242683171,78.08727962331812,62.38154482688522,17.185158339581378,100.00839491368703
QV,20,2762,579,202,4,"[5, 5, 5, 5]","['rz', 'id', 'cz', 'x', 'reset', 'rzz', 'rx', 'sx']","{'rzz', 'cz'}",mesh_grid,total_fidelity,4.737923416596756e-48,5.629013859738443e-36,8.212258607013827e-29,2.183143755495017e-08,4.553847675657171e-46
QV,20,2762,579,202,4,"[5, 5, 5, 5]","['rz', 'id', 'cz', 'x', 'reset', 'rzz', 'rx', 'sx']","{'rzz', 'cz'}",mesh_grid,partition_time_sec,0.352,0.352,0.352,0.352,0.352
QV,20,2762,579,202,4,"[5, 5, 5, 5]","['rz', 'id', 'cz', 'x', 'reset', 'rzz', 'rx', 'sx']","{'rzz', 'cz'}",mesh_grid,assign_time_sec,0.1971,0.1971,0.1971,0.1971,0.1971
QV,20,2762,579,202,4,"[5, 5, 5, 5]","['rz', 'id', 'cz', 'x', 'reset', 'rzz', 'rx', 'sx']","{'rzz', 'cz'}",mesh_grid,telegate_time_sec,0.0247,0.0247,0.0247,0.0247,0.0247
QV,20,2762,579,202,4,"[5, 5, 5, 5]","['rz', 'id', 'cz', 'x', 'reset', 'rzz', 'rx', 'sx']","{'rzz', 'cz'}",mesh_grid,mapper_time_sec,5.2438,117.8555,79.6706,73.5637,9.1383
QV,20,2762,579,202,4,"[5, 5, 5, 5]","['rz', 'id', 'cz', 'x', 'reset', 'rzz', 'rx', 'sx']","{'rzz', 'cz'}",mesh_grid,total_stage_time_sec,5.8177,118.4293,80.2444,74.1376,9.7122
Circuit,#Qubits,#Gates,#2Q Gates,#Depth,#QPUs,QPUs,Basis Gates,2Q Gate Names,net_type,Metrics,recursive_dp_global_max_match_direct_direct,recursive_dp_global_max_match_direct_dp,recursive_dp_global_max_match_direct_newdp,recursive_dp_global_max_match_direct_linkdp
QV,20,2762,579,202,4,"[5, 5, 5, 5]","['x', 'reset', 'cz', 'rx', 'id', 'rz', 'sx', 'rzz']","{'rzz', 'cz'}",mesh_grid,remote_hops,0.0,0.0,0.0,0.0
QV,20,2762,579,202,4,"[5, 5, 5, 5]","['x', 'reset', 'cz', 'rx', 'id', 'rz', 'sx', 'rzz']","{'rzz', 'cz'}",mesh_grid,remote_swaps,1330.0,1004.0,2365.0,1358.0
QV,20,2762,579,202,4,"[5, 5, 5, 5]","['x', 'reset', 'cz', 'rx', 'id', 'rz', 'sx', 'rzz']","{'rzz', 'cz'}",mesh_grid,remote_fidelity_loss,102.47369144455106,59.2545964155252,183.15316915512005,101.63070883425365
QV,20,2762,579,202,4,"[5, 5, 5, 5]","['x', 'reset', 'cz', 'rx', 'id', 'rz', 'sx', 'rzz']","{'rzz', 'cz'}",mesh_grid,remote_fidelity,2.6271582597496304e-47,2.235047650705752e-27,5.438268028558973e-84,7.136629096075625e-47
QV,20,2762,579,202,4,"[5, 5, 5, 5]","['x', 'reset', 'cz', 'rx', 'id', 'rz', 'sx', 'rzz']","{'rzz', 'cz'}",mesh_grid,local_fidelity_loss,1.447203593628764,1.447203593628764,1.4472035936287642,1.447203593628764
QV,20,2762,579,202,4,"[5, 5, 5, 5]","['x', 'reset', 'cz', 'rx', 'id', 'rz', 'sx', 'rzz']","{'rzz', 'cz'}",mesh_grid,local_fidelity,0.23490869594708627,0.23490869594708647,0.23490869594708663,0.23490869594708647
QV,20,2762,579,202,4,"[5, 5, 5, 5]","['x', 'reset', 'cz', 'rx', 'id', 'rz', 'sx', 'rzz']","{'rzz', 'cz'}",mesh_grid,execution_time,0.0,0.0,0.0,0.0
QV,20,2762,579,202,4,"[5, 5, 5, 5]","['x', 'reset', 'cz', 'rx', 'id', 'rz', 'sx', 'rzz']","{'rzz', 'cz'}",mesh_grid,num_comms,1330.0,1004.0,2365.0,1358.0
QV,20,2762,579,202,4,"[5, 5, 5, 5]","['x', 'reset', 'cz', 'rx', 'id', 'rz', 'sx', 'rzz']","{'rzz', 'cz'}",mesh_grid,total_fidelity_loss,103.92089503817982,60.70180000915396,184.6003727487488,103.07791242788241
QV,20,2762,579,202,4,"[5, 5, 5, 5]","['x', 'reset', 'cz', 'rx', 'id', 'rz', 'sx', 'rzz']","{'rzz', 'cz'}",mesh_grid,total_fidelity,6.171423208444022e-48,5.2503212900688745e-28,1.277496450799522e-84,1.6764562344171595e-47
QV,20,2762,579,202,4,"[5, 5, 5, 5]","['x', 'reset', 'cz', 'rx', 'id', 'rz', 'sx', 'rzz']","{'rzz', 'cz'}",mesh_grid,partition_time_sec,0.3482,0.3482,0.3482,0.3482
QV,20,2762,579,202,4,"[5, 5, 5, 5]","['x', 'reset', 'cz', 'rx', 'id', 'rz', 'sx', 'rzz']","{'rzz', 'cz'}",mesh_grid,assign_time_sec,0.2027,0.2027,0.2027,0.2027
QV,20,2762,579,202,4,"[5, 5, 5, 5]","['x', 'reset', 'cz', 'rx', 'id', 'rz', 'sx', 'rzz']","{'rzz', 'cz'}",mesh_grid,telegate_time_sec,0.0247,0.0247,0.0247,0.0247
QV,20,2762,579,202,4,"[5, 5, 5, 5]","['x', 'reset', 'cz', 'rx', 'id', 'rz', 'sx', 'rzz']","{'rzz', 'cz'}",mesh_grid,mapper_time_sec,3.0302,53.9472,45.1171,5.346
QV,20,2762,579,202,4,"[5, 5, 5, 5]","['x', 'reset', 'cz', 'rx', 'id', 'rz', 'sx', 'rzz']","{'rzz', 'cz'}",mesh_grid,total_stage_time_sec,3.6059,54.5228,45.6927,5.9216
Circuit,#Qubits,#Gates,#2Q Gates,#Depth,#QPUs,QPUs,Basis Gates,2Q Gate Names,net_type,Metrics,recursive_dp_global_max_match_direct_direct,recursive_dp_global_max_match_direct_dp,recursive_dp_global_max_match_direct_newdp,recursive_dp_global_max_match_direct_linkdp
QV,20,2762,579,202,4,"[5, 5, 5, 5]","['sx', 'cz', 'id', 'rz', 'reset', 'x', 'rzz', 'rx']","{'cz', 'rzz'}",mesh_grid,remote_hops,0.0,0.0,0.0,0.0
QV,20,2762,579,202,4,"[5, 5, 5, 5]","['sx', 'cz', 'id', 'rz', 'reset', 'x', 'rzz', 'rx']","{'cz', 'rzz'}",mesh_grid,remote_swaps,1330.0,1005.0,1735.0,1358.0
QV,20,2762,579,202,4,"[5, 5, 5, 5]","['sx', 'cz', 'id', 'rz', 'reset', 'x', 'rzz', 'rx']","{'cz', 'rzz'}",mesh_grid,remote_fidelity_loss,80.71795961171865,46.43220818124714,102.52868000300323,80.04775821286388
QV,20,2762,579,202,4,"[5, 5, 5, 5]","['sx', 'cz', 'id', 'rz', 'reset', 'x', 'rzz', 'rx']","{'cz', 'rzz'}",mesh_grid,remote_fidelity,4.699680820834425e-37,1.8736081973450053e-21,8.022320656268304e-47,1.0081925155925507e-36
QV,20,2762,579,202,4,"[5, 5, 5, 5]","['sx', 'cz', 'id', 'rz', 'reset', 'x', 'rzz', 'rx']","{'cz', 'rzz'}",mesh_grid,local_fidelity_loss,1.447203593628764,1.447203593628764,1.4472035936287642,1.447203593628764
QV,20,2762,579,202,4,"[5, 5, 5, 5]","['sx', 'cz', 'id', 'rz', 'reset', 'x', 'rzz', 'rx']","{'cz', 'rzz'}",mesh_grid,local_fidelity,0.23490869594708627,0.23490869594708635,0.23490869594708635,0.23490869594708647
QV,20,2762,579,202,4,"[5, 5, 5, 5]","['sx', 'cz', 'id', 'rz', 'reset', 'x', 'rzz', 'rx']","{'cz', 'rzz'}",mesh_grid,execution_time,0.0,0.0,0.0,0.0
QV,20,2762,579,202,4,"[5, 5, 5, 5]","['sx', 'cz', 'id', 'rz', 'reset', 'x', 'rzz', 'rx']","{'cz', 'rzz'}",mesh_grid,num_comms,1330.0,1005.0,1735.0,1358.0
QV,20,2762,579,202,4,"[5, 5, 5, 5]","['sx', 'cz', 'id', 'rz', 'reset', 'x', 'rzz', 'rx']","{'cz', 'rzz'}",mesh_grid,total_fidelity_loss,82.16516320534743,47.879411774875905,103.975883596632,81.49496180649265
QV,20,2762,579,202,4,"[5, 5, 5, 5]","['sx', 'cz', 'id', 'rz', 'reset', 'x', 'rzz', 'rx']","{'cz', 'rzz'}",mesh_grid,total_fidelity,1.103995892989747e-37,4.401268583540864e-22,1.8845128838333612e-47,2.368331891014587e-37
QV,20,2762,579,202,4,"[5, 5, 5, 5]","['sx', 'cz', 'id', 'rz', 'reset', 'x', 'rzz', 'rx']","{'cz', 'rzz'}",mesh_grid,partition_time_sec,0.2127,0.2127,0.2127,0.2127
QV,20,2762,579,202,4,"[5, 5, 5, 5]","['sx', 'cz', 'id', 'rz', 'reset', 'x', 'rzz', 'rx']","{'cz', 'rzz'}",mesh_grid,assign_time_sec,0.1172,0.1172,0.1172,0.1172
QV,20,2762,579,202,4,"[5, 5, 5, 5]","['sx', 'cz', 'id', 'rz', 'reset', 'x', 'rzz', 'rx']","{'cz', 'rzz'}",mesh_grid,telegate_time_sec,0.0151,0.0151,0.0151,0.0151
QV,20,2762,579,202,4,"[5, 5, 5, 5]","['sx', 'cz', 'id', 'rz', 'reset', 'x', 'rzz', 'rx']","{'cz', 'rzz'}",mesh_grid,mapper_time_sec,3.0985,51.2373,42.9597,5.3354
QV,20,2762,579,202,4,"[5, 5, 5, 5]","['sx', 'cz', 'id', 'rz', 'reset', 'x', 'rzz', 'rx']","{'cz', 'rzz'}",mesh_grid,total_stage_time_sec,3.4435,51.5823,43.3047,5.6804
Circuit,#Qubits,#Gates,#2Q Gates,#Depth,#QPUs,QPUs,Basis Gates,2Q Gate Names,net_type,Metrics,recursive_dp_global_max_match_direct_direct,recursive_dp_global_max_match_direct_dp,recursive_dp_global_max_match_direct_newdp,recursive_dp_global_max_match_direct_linkdp
QV,20,2762,579,202,4,"[5, 5, 5, 5]","['rx', 'id', 'x', 'rzz', 'cz', 'rz', 'reset', 'sx']","{'rzz', 'cz'}",mesh_grid,remote_hops,0.0,0.0,0.0,0.0
QV,20,2762,579,202,4,"[5, 5, 5, 5]","['rx', 'id', 'x', 'rzz', 'cz', 'rz', 'reset', 'sx']","{'rzz', 'cz'}",mesh_grid,remote_swaps,1330.0,1004.0,656.0,1339.0
QV,20,2762,579,202,4,"[5, 5, 5, 5]","['rx', 'id', 'x', 'rzz', 'cz', 'rz', 'reset', 'sx']","{'rzz', 'cz'}",mesh_grid,remote_fidelity_loss,116.45252815661968,68.28114619135161,63.787342683252575,113.50837814071478
QV,20,2762,579,202,4,"[5, 5, 5, 5]","['rx', 'id', 'x', 'rzz', 'cz', 'rz', 'reset', 'sx']","{'rzz', 'cz'}",mesh_grid,remote_fidelity,5.783310955538382e-54,1.3152077160450662e-31,1.771778552619613e-29,1.5029297475188345e-52
QV,20,2762,579,202,4,"[5, 5, 5, 5]","['rx', 'id', 'x', 'rzz', 'cz', 'rz', 'reset', 'sx']","{'rzz', 'cz'}",mesh_grid,local_fidelity_loss,1.447203593628764,1.447203593628764,1.447203593628764,1.447203593628764
QV,20,2762,579,202,4,"[5, 5, 5, 5]","['rx', 'id', 'x', 'rzz', 'cz', 'rz', 'reset', 'sx']","{'rzz', 'cz'}",mesh_grid,local_fidelity,0.23490869594708627,0.23490869594708652,0.23490869594708594,0.2349086959470867
QV,20,2762,579,202,4,"[5, 5, 5, 5]","['rx', 'id', 'x', 'rzz', 'cz', 'rz', 'reset', 'sx']","{'rzz', 'cz'}",mesh_grid,execution_time,0.0,0.0,0.0,0.0
QV,20,2762,579,202,4,"[5, 5, 5, 5]","['rx', 'id', 'x', 'rzz', 'cz', 'rz', 'reset', 'sx']","{'rzz', 'cz'}",mesh_grid,num_comms,1330.0,1004.0,656.0,1339.0
QV,20,2762,579,202,4,"[5, 5, 5, 5]","['rx', 'id', 'x', 'rzz', 'cz', 'rz', 'reset', 'sx']","{'rzz', 'cz'}",mesh_grid,total_fidelity_loss,117.89973175024843,69.72834978498037,65.23454627688133,114.95558173434355
QV,20,2762,579,202,4,"[5, 5, 5, 5]","['rx', 'id', 'x', 'rzz', 'cz', 'rz', 'reset', 'sx']","{'rzz', 'cz'}",mesh_grid,total_fidelity,1.3585500348220186e-54,3.0895372947569256e-32,4.1620618930288866e-30,3.5305126708973365e-53
QV,20,2762,579,202,4,"[5, 5, 5, 5]","['rx', 'id', 'x', 'rzz', 'cz', 'rz', 'reset', 'sx']","{'rzz', 'cz'}",mesh_grid,partition_time_sec,0.213,0.213,0.213,0.213
QV,20,2762,579,202,4,"[5, 5, 5, 5]","['rx', 'id', 'x', 'rzz', 'cz', 'rz', 'reset', 'sx']","{'rzz', 'cz'}",mesh_grid,assign_time_sec,0.1428,0.1428,0.1428,0.1428
QV,20,2762,579,202,4,"[5, 5, 5, 5]","['rx', 'id', 'x', 'rzz', 'cz', 'rz', 'reset', 'sx']","{'rzz', 'cz'}",mesh_grid,telegate_time_sec,0.0151,0.0151,0.0151,0.0151
QV,20,2762,579,202,4,"[5, 5, 5, 5]","['rx', 'id', 'x', 'rzz', 'cz', 'rz', 'reset', 'sx']","{'rzz', 'cz'}",mesh_grid,mapper_time_sec,2.987,51.4374,44.5791,5.3452
QV,20,2762,579,202,4,"[5, 5, 5, 5]","['rx', 'id', 'x', 'rzz', 'cz', 'rz', 'reset', 'sx']","{'rzz', 'cz'}",mesh_grid,total_stage_time_sec,3.3579,51.8084,44.95,5.7161
Circuit,#Qubits,#Gates,#2Q Gates,#Depth,#QPUs,QPUs,Basis Gates,2Q Gate Names,net_type,Metrics,recursive_dp_global_max_match_direct_direct,recursive_dp_global_max_match_direct_dp,recursive_dp_global_max_match_direct_newdp,recursive_dp_global_max_match_direct_linkdp
QV,20,2762,579,202,4,"[5, 5, 5, 5]","['cz', 'id', 'x', 'rzz', 'rx', 'reset', 'rz', 'sx']","{'cz', 'rzz'}",mesh_grid,remote_hops,0.0,0.0,0.0,0.0
QV,20,2762,579,202,4,"[5, 5, 5, 5]","['cz', 'id', 'x', 'rzz', 'rx', 'reset', 'rz', 'sx']","{'cz', 'rzz'}",mesh_grid,remote_swaps,1330.0,1004.0,652.0,1352.0
QV,20,2762,579,202,4,"[5, 5, 5, 5]","['cz', 'id', 'x', 'rzz', 'rx', 'reset', 'rz', 'sx']","{'cz', 'rzz'}",mesh_grid,remote_fidelity_loss,103.6018147036708,60.5428662782171,56.70467082585866,101.31746790491712
QV,20,2762,579,202,4,"[5, 5, 5, 5]","['cz', 'id', 'x', 'rzz', 'rx', 'reset', 'rz', 'sx']","{'cz', 'rzz'}",mesh_grid,remote_fidelity,7.797885087905331e-48,5.562477799562542e-28,3.612457762282127e-26,9.989728578279825e-47
QV,20,2762,579,202,4,"[5, 5, 5, 5]","['cz', 'id', 'x', 'rzz', 'rx', 'reset', 'rz', 'sx']","{'cz', 'rzz'}",mesh_grid,local_fidelity_loss,1.447203593628764,1.447203593628764,1.447203593628764,1.447203593628764
QV,20,2762,579,202,4,"[5, 5, 5, 5]","['cz', 'id', 'x', 'rzz', 'rx', 'reset', 'rz', 'sx']","{'cz', 'rzz'}",mesh_grid,local_fidelity,0.23490869594708627,0.23490869594708635,0.23490869594708613,0.2349086959470861
QV,20,2762,579,202,4,"[5, 5, 5, 5]","['cz', 'id', 'x', 'rzz', 'rx', 'reset', 'rz', 'sx']","{'cz', 'rzz'}",mesh_grid,execution_time,0.0,0.0,0.0,0.0
QV,20,2762,579,202,4,"[5, 5, 5, 5]","['cz', 'id', 'x', 'rzz', 'rx', 'reset', 'rz', 'sx']","{'cz', 'rzz'}",mesh_grid,num_comms,1330.0,1004.0,652.0,1352.0
QV,20,2762,579,202,4,"[5, 5, 5, 5]","['cz', 'id', 'x', 'rzz', 'rx', 'reset', 'rz', 'sx']","{'cz', 'rzz'}",mesh_grid,total_fidelity_loss,105.04901829729957,61.99006987184586,58.15187441948743,102.76467149854588
QV,20,2762,579,202,4,"[5, 5, 5, 5]","['cz', 'id', 'x', 'rzz', 'rx', 'reset', 'rz', 'sx']","{'cz', 'rzz'}",mesh_grid,total_fidelity,1.8317910171450714e-48,1.3066744061298551e-28,8.485977421016233e-27,2.346674113189052e-47
QV,20,2762,579,202,4,"[5, 5, 5, 5]","['cz', 'id', 'x', 'rzz', 'rx', 'reset', 'rz', 'sx']","{'cz', 'rzz'}",mesh_grid,partition_time_sec,0.2109,0.2109,0.2109,0.2109
QV,20,2762,579,202,4,"[5, 5, 5, 5]","['cz', 'id', 'x', 'rzz', 'rx', 'reset', 'rz', 'sx']","{'cz', 'rzz'}",mesh_grid,assign_time_sec,0.1267,0.1267,0.1267,0.1267
QV,20,2762,579,202,4,"[5, 5, 5, 5]","['cz', 'id', 'x', 'rzz', 'rx', 'reset', 'rz', 'sx']","{'cz', 'rzz'}",mesh_grid,telegate_time_sec,0.0151,0.0151,0.0151,0.0151
QV,20,2762,579,202,4,"[5, 5, 5, 5]","['cz', 'id', 'x', 'rzz', 'rx', 'reset', 'rz', 'sx']","{'cz', 'rzz'}",mesh_grid,mapper_time_sec,3.2092,52.6776,43.8952,5.321
QV,20,2762,579,202,4,"[5, 5, 5, 5]","['cz', 'id', 'x', 'rzz', 'rx', 'reset', 'rz', 'sx']","{'cz', 'rzz'}",mesh_grid,total_stage_time_sec,3.5618,53.0303,44.2479,5.6737
Circuit,#Qubits,#Gates,#2Q Gates,#Depth,#QPUs,QPUs,Basis Gates,2Q Gate Names,net_type,Metrics,recursive_dp_global_max_match_direct_direct,recursive_dp_global_max_match_direct_dp,recursive_dp_global_max_match_direct_newdp,recursive_dp_global_max_match_direct_linkdp
QV,20,2762,579,202,4,"[5, 5, 5, 5]","['id', 'rzz', 'cz', 'rz', 'x', 'reset', 'sx', 'rx']","{'cz', 'rzz'}",mesh_grid,remote_hops,0.0,0.0,0.0,0.0
QV,20,2762,579,202,4,"[5, 5, 5, 5]","['id', 'rzz', 'cz', 'rz', 'x', 'reset', 'sx', 'rx']","{'cz', 'rzz'}",mesh_grid,remote_swaps,1330.0,1005.0,639.0,1352.0
QV,20,2762,579,202,4,"[5, 5, 5, 5]","['id', 'rzz', 'cz', 'rz', 'x', 'reset', 'sx', 'rx']","{'cz', 'rzz'}",mesh_grid,remote_fidelity_loss,90.10420926263599,52.56737852804943,48.4718001708679,88.16458226463567
QV,20,2762,579,202,4,"[5, 5, 5, 5]","['id', 'rzz', 'cz', 'rz', 'x', 'reset', 'sx', 'rx']","{'cz', 'rzz'}",mesh_grid,remote_fidelity,1.877255524605282e-41,2.7540223479282934e-24,2.1653847296579613e-22,1.5797129508993472e-40
QV,20,2762,579,202,4,"[5, 5, 5, 5]","['id', 'rzz', 'cz', 'rz', 'x', 'reset', 'sx', 'rx']","{'cz', 'rzz'}",mesh_grid,local_fidelity_loss,1.447203593628764,1.447203593628764,1.447203593628764,1.447203593628764
QV,20,2762,579,202,4,"[5, 5, 5, 5]","['id', 'rzz', 'cz', 'rz', 'x', 'reset', 'sx', 'rx']","{'cz', 'rzz'}",mesh_grid,local_fidelity,0.23490869594708627,0.2349086959470862,0.23490869594708652,0.2349086959470861
QV,20,2762,579,202,4,"[5, 5, 5, 5]","['id', 'rzz', 'cz', 'rz', 'x', 'reset', 'sx', 'rx']","{'cz', 'rzz'}",mesh_grid,execution_time,0.0,0.0,0.0,0.0
QV,20,2762,579,202,4,"[5, 5, 5, 5]","['id', 'rzz', 'cz', 'rz', 'x', 'reset', 'sx', 'rx']","{'cz', 'rzz'}",mesh_grid,num_comms,1330.0,1005.0,639.0,1352.0
QV,20,2762,579,202,4,"[5, 5, 5, 5]","['id', 'rzz', 'cz', 'rz', 'x', 'reset', 'sx', 'rx']","{'cz', 'rzz'}",mesh_grid,total_fidelity_loss,91.55141285626476,54.014582121678195,49.919003764496665,89.61178585826443
QV,20,2762,579,202,4,"[5, 5, 5, 5]","['id', 'rzz', 'cz', 'rz', 'x', 'reset', 'sx', 'rx']","{'cz', 'rzz'}",mesh_grid,total_fidelity,4.409836472444901e-42,6.469437983609679e-25,5.0866770306768617e-23,3.710883092664889e-41
QV,20,2762,579,202,4,"[5, 5, 5, 5]","['id', 'rzz', 'cz', 'rz', 'x', 'reset', 'sx', 'rx']","{'cz', 'rzz'}",mesh_grid,partition_time_sec,0.3505,0.3505,0.3505,0.3505
QV,20,2762,579,202,4,"[5, 5, 5, 5]","['id', 'rzz', 'cz', 'rz', 'x', 'reset', 'sx', 'rx']","{'cz', 'rzz'}",mesh_grid,assign_time_sec,0.1213,0.1213,0.1213,0.1213
QV,20,2762,579,202,4,"[5, 5, 5, 5]","['id', 'rzz', 'cz', 'rz', 'x', 'reset', 'sx', 'rx']","{'cz', 'rzz'}",mesh_grid,telegate_time_sec,0.0158,0.0158,0.0158,0.0158
QV,20,2762,579,202,4,"[5, 5, 5, 5]","['id', 'rzz', 'cz', 'rz', 'x', 'reset', 'sx', 'rx']","{'cz', 'rzz'}",mesh_grid,mapper_time_sec,4.7584,53.9137,43.6698,5.3313
QV,20,2762,579,202,4,"[5, 5, 5, 5]","['id', 'rzz', 'cz', 'rz', 'x', 'reset', 'sx', 'rx']","{'cz', 'rzz'}",mesh_grid,total_stage_time_sec,5.246,54.4013,44.1574,5.819
